FirstName,LastName,EmailId,Password,Title
Sumit,Yadav,SumitTY@gmail.com,1234567,ERYWERY
Gaurav,Sukla,GauraTYv@gmail.com,987654321,xmcgm
WERWER,Yadav,SumitTRY@gmail.com,1234567,ERYWERY
FGH,Sukla,GauraFGHv@gmail.com,987654321,xmcgm
SCVBCVumit,Yadav,SumiFGHFGHt@gmail.com,1234567,ERYWERY
ETTY,Sukla,FGHFH@gmail.com,987654321,xmcgm
FGHGJ,Yadav,FGHFGHDFGH@gmail.com,1234567,ERYWERY
GHJGFJH,Sukla,CVNBCBN@gmail.com,987654321,xmcgm
VBNCVBN,Yadav,VBNVCBN@gmail.com,1234567,ERYWERY
DFGHFHJ,Sukla,CVHNFDTRT00@gmail.com,987654321,xmcgm
qwggg,Sukla,FDGDGHFHFGH4400@gmail.com,987654321,xmcgm
